-cert-v01@openssh.com
.@C.pC
.f-42@.fA42.fU42.fj
.fM2@.fa2.fu
8f3-@f4-kf.sf
Medici.Yan@gmail.com
X@fM-XWfM.XnfM
Z.0Z.8Z.@Z.HZ.PZj
Z@KZ.qj
aes128-gcm@openssh.com
aes192-gcm@openssh.com
aes256-gcm@openssh.com
ahmad@ahmadnassri.com
ajv.validator@gmail.com
akirkton@truefitinnovation.com
alex.wilson@joyent.com
alex@cooperi.net
alexander@solovyov.net
alpha@example.com
andrewnez@gmail.com
andri@dot.ee
apeherder@gmail.com
ariya.hidayat@gmail.com
arpad.borsos@googlemail.com
ashtuchkin@gmail.com
azu@users.noreply.github.com
baz.quux@example.com
ben@benalpert.com
ben@npmjs.com
bn@cs.stanford.edu
braveg1rl@outlook.com
bravo@example.com
calvin.metcalf@gmail.com
candle@candle.me.uk
careysavage@veraq.com
carter.cole@cartercole.com
chad@chad-cat-lore-eddie.com
chalkerx@gmail.com
charlie@example.com
chase@newrelic.com
chris@winberry.net
christopher.montgomery@dowjones.com
christopher.s.dickinson@gmail.com
conrad.irwin@gmail.com
contra@australia.edu
coolaj86@gmail.com
ctavares@microsoft.com
d@domenic.me
daniel@danielespeset.com
dave.aitken@gmail.com
dave@daveeddy.com
david.p.wood@gmail.com
dev@component.io
dev@learnboost.com
dev@tavan.de
diego.perini@gmail.com
dil@lehn.org
djchie.dev@gmail.com
dm@lcs.mit.edu
dmitry@codingrobots.com
dmitrys@fb.com
domenic@domenicdenicola.com
dominic.tarr@gmail.com
donate@robert.gust-bardon.org
doug@somethingdoug.com
duncan@dweebd.com
e.laberge@gmail.com
e.poberezkin@me.com
editor@example.com
einaros@gmail.com
ejpbruel@mozilla.com
elinorpearson@flexigen.com
email@something.com
emil@eae.net
erik@eae.net
escodegen.copyright@michael.ficarra.me
evan.exe@gmail.com
fayearthur@gmail.com
fedor@indutny.com
felix@debuggable.com
feross@feross.org
fgnass@gmail.com
fishrock123@rocketmail.com
fitzgen@github.com
fiznool@gmail.com
foo@bar.com
foo@foo.com
fred.kuo@joyent.com
g@V6-gHV6.gUV
gary.court@gmail.com
garysye@gmail.com
gcarpenterv@gmail.com
giladp007@gmail.com
git@github.com
git@gkatsev.com
github.public.email@michael.ficarra.me
github@donavon.com
github@smayr.name
glasser@davidglasser.net
glen@glenmurphy.com
guido@bitstorm.it
hawkrives@gmail.com
hi@jes.st
hughskennedy@gmail.com
hunter@hunterloftis.com
i@izs.me
iam@alexindigo.com
ifaaan@gmail.com
inexorabletash@gmail.com
info@creynders.be
irwindavidson@danja.com
istarkov@gmail.com
jake@alogicalparadox.com
jake@qualiancy.com
jamie.lf.wong@gmail.com
javascript@lists.facebook.com
jed.watson@me.com
jeffmo@fb.com
jeffpalentine@gmail.com
jellyes2@gmail.com
jeremie@jabber.org
jeremy.dentel@brandingbrand.com
jeremy@documentcloud.org
jfreeman08@gmail.com
jherrington@walmartlabs.com
jhruby.web@gmail.com
joe.bloggs@example.com
joe@example.com
joe@smith.com
john.david.dalton@gmail.com
john.doe@gmail.com
john@gozde.ca
johndoe@example.com
joost-wim@boekesteijn.nl
joris@jorisvanderwel.com
josh.junon@protonmail.com
jprichardson@gmail.com
jrburke@gmail.com
jryans@gmail.com
jstash@gmail.com
julian@juliangruber.com
justmoon@members.fsf.org
knoll@kde.org
kornel@geekhood.net
kris.kowal@cixar.com
kriszyp@gmail.com
kurt@kurtraschke.com
leore.avidar@gmail.com
ljharb@gmail.com
loki@animata.net
louis.chatriot@gmail.com
luigipinca@gmail.com
lupomontero@gmail.com
mail@juliangruber.com
mail@substack.net
manuel@takimata.ch
maqr.lollerskates@gmail.com
marek@xivilization.net
marijnh@gmail.com
mark.cavage@joyent.com
marudiniz@gmail.com
mathias@qiwi.be
mathiasbuus@gmail.com
matt@lonelyvegan.com
matteo.collina@gmail.com
mattmuelle@gmail.com
max@maxogden.com
mcavage@gmail.com
me@devi.web.id
me@elv1s.ru
me@feedic.com
me@jongleberry.com
me@pluma.io
me@rreverser.com
michael.hart.au@gmail.com
mihai.bazon@gmail.com
mike@emotive.com
mikeal.rogers@gmail.com
mikhail.zyatin@gmail.com
miles.elam@deem.com
mroch@fb.com
mscdex@mscdex.net
mzgoddard@gmail.com
nathan@tootallnate.net
newmansam@outlook.com
nfitzgerald@mozilla.com
nicolas.lalevee@hibnet.org
niftylettuce@gmail.com
npm@3rd-Eden.com
npm@smayr.name
npmjs@3rd-Eden.com
oozcitak@gmail.com
opensource@google.com
opensrc@ryanzim.com
pascal@hacksrus.net
pass@example.com
password@some-socks-proxy.com
patrick.f.mooney@gmail.com
pete@peterlyons.com
pmooney@pfmooney.com
prathe@gmail.com
provos@physnet.uni-hamburg.de
r@va.gg
ralphtheninja@riseup.net
ram@hiddentao.com
raynos2@gmail.com
rfobic@gmail.com
rhyneandrew@gmail.com
rob@robwu.nl
robert.gulewich@joyent.com
robert@broofa.com
rod@vagg.org
rs@rhapsodyk.net
ruben.verborgh@gmail.com
s.agg2021@gmail.com
sales@dhtmlx.com
sam@hocevar.net
samuel.trace.reed@gmail.com
scrane@mozilla.com
sebmaster16@gmail.com
seddon.ryan@gmail.com
shaney.orrowe@practiceweb.co.uk
shestak.irina@gmail.com
shtylman@gmail.com
shyvo1987@gmail.com
simon.lydell@gmail.com
slang800@gmail.com
ssh-dss-cert-v01@openssh.com
ssh-ed25519-cert-v01@openssh.com
ssh-rsa-cert-v01@openssh.com
steves_list@hotmail.com
superjoe30@gmail.com
tc@xantira.com
tedu@openbsd.org
tflanagan@datacollaborative.com
thaddee.tyl@gmail.com
thejoshwolfe@gmail.com
theo.fidry@gmail.com
thlorenz@gmx.de
timjohns@yahoo.com
tj@vision-media.ca
tjw@cs.Stanford.EDU
tmpvar@gmail.com
tobi@learnboost.com
tobias.koppers@googlemail.com
todd@twolfson.com
tom@compton.nu
tpadilha84@gmail.com
trentm@gmail.com
trysound@yandex.ru
user@example.com
usrbincc@yahoo.com
utatane.tea@gmail.com
vincent@zeroload.net
virink@outlook.com
webmaster@craigslist.org
webmaster@example.com
xu@sentsin.com
yoshuawuyts@gmail.com
your-name@gmail.com
yunong@joyent.com
yyfrankyy@gmail.com
yzddmr6@gmail.com
z@georgezahariev.com
zachary@zacharyscott.net
zertosh@gmail.com
